model_checkpoint,run,contains,n_target_heads,n_layers,n_heads,ood_base,id_base,ood_uniform_alltogether,ood_mean_alltogether,id_uniform_alltogether,id_mean_alltogether
question_D_hier90_linear10_two_phase_200k_seed100_13748191__checkpoint_300000,question_D_hier90_linear10_two_phase_200k_seed100_13748191,True,3,6,8,0.9998416900634766,1.0,0.9988284111022949,0.9989338517189026,1.0,1.0
question_D_hier90_linear10_two_phase_200k_seed101_13911728__checkpoint_300000,question_D_hier90_linear10_two_phase_200k_seed101_13911728,False,0,6,8,0.2629040479660034,1.0,0.2629040479660034,0.2629040479660034,1.0,1.0
question_D_hier90_linear10_two_phase_200k_seed102_13911850__checkpoint_300000,question_D_hier90_linear10_two_phase_200k_seed102_13911850,False,0,6,8,0.0023098033852875233,1.0,0.0023098033852875233,0.0023098033852875233,1.0,1.0
question_D_hier90_linear10_two_phase_200k_seed103_13911974__checkpoint_300000,question_D_hier90_linear10_two_phase_200k_seed103_13911974,True,1,6,8,0.005160856992006302,1.0,0.006022029090672731,0.005649606231600046,1.0,1.0
question_D_hier90_linear10_two_phase_200k_seed104_13912033__checkpoint_300000,question_D_hier90_linear10_two_phase_200k_seed104_13912033,True,3,6,8,0.043729569762945175,1.0,0.0403689481317997,0.060575973242521286,1.0,1.0
question_D_hier90_linear10_two_phase_200k_seed105_14927986__checkpoint_300000,question_D_hier90_linear10_two_phase_200k_seed105_14927986,False,0,6,8,0.00016891336417756975,1.0,0.00016891336417756975,0.00016891336417756975,1.0,1.0
question_D_hier90_linear10_two_phase_200k_seed106_13912560__checkpoint_300000,question_D_hier90_linear10_two_phase_200k_seed106_13912560,True,2,6,8,0.8871936798095703,1.0,0.8757178783416748,0.8706359267234802,1.0,1.0
question_D_hier90_linear10_two_phase_200k_seed107_13913762__checkpoint_300000,question_D_hier90_linear10_two_phase_200k_seed107_13913762,False,0,6,8,0.9998296499252319,1.0,0.9998296499252319,0.9998296499252319,1.0,1.0
question_D_hier90_linear10_two_phase_200k_seed108_13913763__checkpoint_300000,question_D_hier90_linear10_two_phase_200k_seed108_13913763,True,8,6,8,0.2903500497341156,1.0,0.10013151913881302,0.33812421560287476,1.0,1.0
question_D_hier90_linear10_two_phase_200k_seed109_14928587__checkpoint_300000,question_D_hier90_linear10_two_phase_200k_seed109_14928587,True,2,6,8,0.9541847109794617,1.0,0.9566509127616882,0.9646900296211243,1.0,1.0
question_D_hier90_linear10_two_phase_200k_seed110_13913889__checkpoint_300000,question_D_hier90_linear10_two_phase_200k_seed110_13913889,True,1,6,8,0.6320009827613831,1.0,0.506935179233551,0.6216936707496643,1.0,1.0
question_D_hier90_linear10_two_phase_200k_seed111_14928914__checkpoint_300000,question_D_hier90_linear10_two_phase_200k_seed111_14928914,True,1,6,8,0.9729437232017517,1.0,0.9680501818656921,0.9719206690788269,1.0,1.0
question_D_hier90_linear10_two_phase_200k_seed112_14929148__checkpoint_300000,question_D_hier90_linear10_two_phase_200k_seed112_14929148,True,1,6,8,0.9610030651092529,1.0,0.9623299837112427,0.9613704681396484,1.0,1.0
question_D_hier90_linear10_two_phase_200k_seed113_13914003__checkpoint_300000,question_D_hier90_linear10_two_phase_200k_seed113_13914003,False,0,6,8,0.7567592859268188,1.0,0.7567592859268188,0.7567592859268188,1.0,1.0
question_D_hier90_linear10_two_phase_200k_seed114_13914459__checkpoint_300000,question_D_hier90_linear10_two_phase_200k_seed114_13914459,False,0,6,8,0.23480944335460663,1.0,0.23480944335460663,0.23480944335460663,1.0,1.0
question_D_hier90_linear10_two_phase_200k_seed115_13918064__checkpoint_300000,question_D_hier90_linear10_two_phase_200k_seed115_13918064,True,2,6,8,0.024807041510939598,1.0,0.010607181116938591,0.009666373953223228,1.0,1.0
question_D_hier90_linear10_two_phase_200k_seed116_13918811__checkpoint_300000,question_D_hier90_linear10_two_phase_200k_seed116_13918811,True,2,6,8,0.9999755620956421,1.0,0.9999756813049316,0.9999755024909973,1.0,1.0
question_D_hier90_linear10_two_phase_200k_seed117_13919715__checkpoint_300000,question_D_hier90_linear10_two_phase_200k_seed117_13919715,True,1,6,8,0.6380727887153625,1.0,0.6968284845352173,0.6708630919456482,1.0,1.0
question_D_hier90_linear10_two_phase_200k_seed118_13919952__checkpoint_300000,question_D_hier90_linear10_two_phase_200k_seed118_13919952,False,0,6,8,0.02803359553217888,1.0,0.02803359553217888,0.02803359553217888,1.0,1.0
question_D_hier90_linear10_two_phase_200k_seed119_13920189__checkpoint_300000,question_D_hier90_linear10_two_phase_200k_seed119_13920189,False,0,6,8,0.03811534866690636,1.0,0.03811534866690636,0.03811534866690636,1.0,1.0
question_D_hier90_linear10_two_phase_200k_seed120_13884811__checkpoint_300000,question_D_hier90_linear10_two_phase_200k_seed120_13884811,True,1,6,8,0.9964649677276611,1.0,0.9984681606292725,0.9969635009765625,1.0,1.0
question_D_hier90_linear10_two_phase_200k_seed42_12625361__checkpoint_300000,question_D_hier90_linear10_two_phase_200k_seed42_12625361,True,1,6,8,0.31112825870513916,1.0,0.23767654597759247,0.2706022262573242,1.0,1.0
question_D_hier90_linear10_two_phase_200k_seed43_12625510__checkpoint_300000,question_D_hier90_linear10_two_phase_200k_seed43_12625510,True,1,6,8,0.2509067952632904,1.0,0.28393176198005676,0.2829791307449341,1.0,1.0
question_D_hier90_linear10_two_phase_200k_seed44_12625511__checkpoint_300000,question_D_hier90_linear10_two_phase_200k_seed44_12625511,True,1,6,8,0.8208314180374146,1.0,0.8605844974517822,0.8516296744346619,1.0,1.0
question_D_hier90_linear10_two_phase_200k_seed45_12625512__checkpoint_300000,question_D_hier90_linear10_two_phase_200k_seed45_12625512,True,2,6,8,0.9999788403511047,1.0,0.9952889680862427,0.9991281628608704,1.0,1.0
question_D_hier90_linear10_two_phase_200k_seed46_12625513__checkpoint_300000,question_D_hier90_linear10_two_phase_200k_seed46_12625513,True,1,6,8,0.7132455110549927,1.0,0.7199140787124634,0.7134809494018555,1.0,1.0
question_D_hier90_linear10_two_phase_200k_seed47_12625804__checkpoint_300000,question_D_hier90_linear10_two_phase_200k_seed47_12625804,True,3,6,8,0.8892817497253418,1.0,0.8768173456192017,0.856502890586853,1.0,1.0
question_D_hier90_linear10_two_phase_200k_seed48_12625805__checkpoint_300000,question_D_hier90_linear10_two_phase_200k_seed48_12625805,True,1,6,8,0.08583392202854156,1.0,0.10514713823795319,0.09895362704992294,1.0,1.0
question_D_hier90_linear10_two_phase_200k_seed49_12625806__checkpoint_300000,question_D_hier90_linear10_two_phase_200k_seed49_12625806,True,1,6,8,0.9999806880950928,1.0,0.999980092048645,0.9999806880950928,1.0,1.0
question_D_hier90_linear10_two_phase_200k_seed50_12625807__checkpoint_300000,question_D_hier90_linear10_two_phase_200k_seed50_12625807,True,2,6,8,3.5219356504967436e-05,1.0,2.6964355129166506e-05,3.55458578269463e-05,1.0,1.0
question_D_hier90_linear10_two_phase_200k_seed51_12628746__checkpoint_300000,question_D_hier90_linear10_two_phase_200k_seed51_12628746,True,3,6,8,0.902880847454071,1.0,0.904611349105835,0.9132353663444519,1.0,1.0
question_D_hier90_linear10_two_phase_200k_seed52_12628803__checkpoint_300000,question_D_hier90_linear10_two_phase_200k_seed52_12628803,True,2,6,8,0.9924734830856323,1.0,0.9813642501831055,0.9903168678283691,1.0,1.0
question_D_hier90_linear10_two_phase_200k_seed53_12629366__checkpoint_300000,question_D_hier90_linear10_two_phase_200k_seed53_12629366,True,1,6,8,0.9990224838256836,1.0,0.9988188743591309,0.9974523782730103,1.0,1.0
question_D_hier90_linear10_two_phase_200k_seed54_12629502__checkpoint_300000,question_D_hier90_linear10_two_phase_200k_seed54_12629502,True,2,6,8,0.9592426419258118,1.0,0.9552697539329529,0.9595348834991455,1.0,1.0
question_D_hier90_linear10_two_phase_200k_seed55_12629681__checkpoint_300000,question_D_hier90_linear10_two_phase_200k_seed55_12629681,True,2,6,8,0.9537481069564819,1.0,0.9647712111473083,0.9695386290550232,1.0,1.0
question_D_hier90_linear10_two_phase_200k_seed56_12629901__checkpoint_300000,question_D_hier90_linear10_two_phase_200k_seed56_12629901,False,0,6,8,0.9999779462814331,1.0,0.9999779462814331,0.9999779462814331,1.0,1.0
question_D_hier90_linear10_two_phase_200k_seed57_12630034__checkpoint_300000,question_D_hier90_linear10_two_phase_200k_seed57_12630034,True,1,6,8,0.8642238974571228,1.0,0.8399597406387329,0.8477297425270081,1.0,1.0
question_D_hier90_linear10_two_phase_200k_seed58_12682784__checkpoint_300000,question_D_hier90_linear10_two_phase_200k_seed58_12682784,True,1,6,8,0.6539172530174255,1.0,0.6589494943618774,0.6505028605461121,1.0,1.0
question_D_hier90_linear10_two_phase_200k_seed59_12682785__checkpoint_300000,question_D_hier90_linear10_two_phase_200k_seed59_12682785,False,0,6,8,0.7007113099098206,1.0,0.7007113099098206,0.7007113099098206,1.0,1.0
question_D_hier90_linear10_two_phase_200k_seed60_12682786__checkpoint_300000,question_D_hier90_linear10_two_phase_200k_seed60_12682786,True,1,6,8,0.9999839067459106,1.0,0.9999840259552002,0.9999839663505554,1.0,1.0
question_D_hier90_linear10_two_phase_200k_seed61_12682787__checkpoint_300000,question_D_hier90_linear10_two_phase_200k_seed61_12682787,True,1,6,8,0.44487375020980835,1.0,0.506879985332489,0.4699665904045105,1.0,1.0
question_D_hier90_linear10_two_phase_200k_seed62_12682788__checkpoint_300000,question_D_hier90_linear10_two_phase_200k_seed62_12682788,True,1,6,8,0.9755325317382812,1.0,0.9757692217826843,0.9782000780105591,1.0,1.0
question_D_hier90_linear10_two_phase_200k_seed63_12682789__checkpoint_300000,question_D_hier90_linear10_two_phase_200k_seed63_12682789,False,0,6,8,0.13447770476341248,1.0,0.13447770476341248,0.13447770476341248,1.0,1.0
question_D_hier90_linear10_two_phase_200k_seed64_12682806__checkpoint_300000,question_D_hier90_linear10_two_phase_200k_seed64_12682806,False,0,6,8,0.8323448300361633,1.0,0.8323448300361633,0.8323448300361633,1.0,1.0
question_D_hier90_linear10_two_phase_200k_seed65_12682807__checkpoint_300000,question_D_hier90_linear10_two_phase_200k_seed65_12682807,True,1,6,8,0.9688538908958435,1.0,0.9056404829025269,0.9377915263175964,1.0,1.0
question_D_hier90_linear10_two_phase_200k_seed66_12682810__checkpoint_300000,question_D_hier90_linear10_two_phase_200k_seed66_12682810,False,0,6,8,0.14920571446418762,1.0,0.14920571446418762,0.14920571446418762,1.0,1.0
question_D_hier90_linear10_two_phase_200k_seed67_12682822__checkpoint_300000,question_D_hier90_linear10_two_phase_200k_seed67_12682822,True,2,6,8,0.0018686013063415885,1.0,0.000823157955892384,0.000813269114587456,1.0,1.0
question_D_hier90_linear10_two_phase_200k_seed68_12682852__checkpoint_300000,question_D_hier90_linear10_two_phase_200k_seed68_12682852,False,0,6,8,0.052924759685993195,1.0,0.052924759685993195,0.052924759685993195,1.0,1.0
question_D_hier90_linear10_two_phase_200k_seed69_12682897__checkpoint_300000,question_D_hier90_linear10_two_phase_200k_seed69_12682897,True,4,6,8,0.9289849400520325,1.0,0.9207590222358704,0.9431381821632385,1.0,1.0
question_D_hier90_linear10_two_phase_200k_seed70_12682957__checkpoint_300000,question_D_hier90_linear10_two_phase_200k_seed70_12682957,True,4,6,8,0.7944438457489014,1.0,0.7952541708946228,0.7913212776184082,1.0,1.0
question_D_hier90_linear10_two_phase_200k_seed71_12683480__checkpoint_300000,question_D_hier90_linear10_two_phase_200k_seed71_12683480,True,3,6,8,0.00012837689428124577,1.0,0.006945714820176363,0.0038372776471078396,1.0,1.0
question_D_hier90_linear10_two_phase_200k_seed72_12683542__checkpoint_300000,question_D_hier90_linear10_two_phase_200k_seed72_12683542,False,0,6,8,1.4980279047449585e-05,1.0,1.4980279047449585e-05,1.4980279047449585e-05,1.0,1.0
question_D_hier90_linear10_two_phase_200k_seed73_12683559__checkpoint_300000,question_D_hier90_linear10_two_phase_200k_seed73_12683559,True,1,6,8,0.9674058556556702,1.0,0.9656625986099243,0.9676252603530884,1.0,1.0
question_D_hier90_linear10_two_phase_200k_seed74_12696556__checkpoint_300000,question_D_hier90_linear10_two_phase_200k_seed74_12696556,True,2,6,8,0.08815916627645493,1.0,0.08105765283107758,0.08936230838298798,1.0,1.0
question_D_hier90_linear10_two_phase_200k_seed75_12696693__checkpoint_300000,question_D_hier90_linear10_two_phase_200k_seed75_12696693,False,0,6,8,0.0036199036985635757,1.0,0.0036199036985635757,0.0036199036985635757,1.0,1.0
question_D_hier90_linear10_two_phase_200k_seed76_12696748__checkpoint_300000,question_D_hier90_linear10_two_phase_200k_seed76_12696748,False,0,6,8,0.5506985187530518,1.0,0.5506985187530518,0.5506985187530518,1.0,1.0
question_D_hier90_linear10_two_phase_200k_seed77_12696787__checkpoint_300000,question_D_hier90_linear10_two_phase_200k_seed77_12696787,True,1,6,8,0.8454123735427856,1.0,0.8435590863227844,0.8527085185050964,1.0,1.0
question_D_hier90_linear10_two_phase_200k_seed78_12696800__checkpoint_300000,question_D_hier90_linear10_two_phase_200k_seed78_12696800,True,2,6,8,0.9731842875480652,1.0,0.9757856726646423,0.9733060598373413,1.0,1.0
question_D_hier90_linear10_two_phase_200k_seed79_12696813__checkpoint_300000,question_D_hier90_linear10_two_phase_200k_seed79_12696813,True,1,6,8,0.6964002847671509,1.0,0.7026470303535461,0.705299437046051,1.0,1.0
question_D_hier90_linear10_two_phase_200k_seed80_12696826__checkpoint_300000,question_D_hier90_linear10_two_phase_200k_seed80_12696826,False,0,6,8,0.9998525977134705,1.0,0.9998525977134705,0.9998525977134705,1.0,1.0
question_D_hier90_linear10_two_phase_200k_seed81_12596471__checkpoint_300000,question_D_hier90_linear10_two_phase_200k_seed81_12596471,True,1,6,8,0.9572644233703613,1.0,0.8611512780189514,0.9102889895439148,1.0,1.0
question_D_hier90_linear10_two_phase_200k_seed82_13749499__checkpoint_300000,question_D_hier90_linear10_two_phase_200k_seed82_13749499,True,2,6,8,0.7567209601402283,1.0,0.7441595792770386,0.7456304430961609,1.0,1.0
question_D_hier90_linear10_two_phase_200k_seed83_13750234__checkpoint_300000,question_D_hier90_linear10_two_phase_200k_seed83_13750234,True,2,6,8,0.6314416527748108,1.0,0.6434431076049805,0.6510859131813049,1.0,1.0
question_D_hier90_linear10_two_phase_200k_seed84_13750317__checkpoint_300000,question_D_hier90_linear10_two_phase_200k_seed84_13750317,True,3,6,8,0.5642771124839783,1.0,0.39685338735580444,0.4834316074848175,1.0,1.0
question_D_hier90_linear10_two_phase_200k_seed85_13750997__checkpoint_300000,question_D_hier90_linear10_two_phase_200k_seed85_13750997,True,2,6,8,0.6508793830871582,1.0,0.6475595831871033,0.6419001817703247,1.0,1.0
question_D_hier90_linear10_two_phase_200k_seed86_13751077__checkpoint_300000,question_D_hier90_linear10_two_phase_200k_seed86_13751077,True,3,6,8,0.6707952618598938,1.0,0.672940731048584,0.6707037091255188,1.0,1.0
question_D_hier90_linear10_two_phase_200k_seed87_13751362__checkpoint_300000,question_D_hier90_linear10_two_phase_200k_seed87_13751362,False,0,6,8,0.015042800456285477,1.0,0.015042800456285477,0.015042800456285477,1.0,1.0
question_D_hier90_linear10_two_phase_200k_seed88_14895416__checkpoint_300000,question_D_hier90_linear10_two_phase_200k_seed88_14895416,True,2,6,8,0.32175031304359436,1.0,0.2735896110534668,0.29590779542922974,1.0,1.0
question_D_hier90_linear10_two_phase_200k_seed89_13760078__checkpoint_300000,question_D_hier90_linear10_two_phase_200k_seed89_13760078,False,0,6,8,0.9964690208435059,1.0,0.9964690208435059,0.9964690208435059,1.0,1.0
question_D_hier90_linear10_two_phase_200k_seed90_13770938__checkpoint_300000,question_D_hier90_linear10_two_phase_200k_seed90_13770938,True,3,6,8,0.7492313385009766,1.0,0.8274731040000916,0.7990644574165344,1.0,1.0
question_D_hier90_linear10_two_phase_200k_seed91_13771414__checkpoint_300000,question_D_hier90_linear10_two_phase_200k_seed91_13771414,True,2,6,8,0.9214730262756348,1.0,0.8880116939544678,0.8984577655792236,1.0,1.0
question_D_hier90_linear10_two_phase_200k_seed92_13772014__checkpoint_300000,question_D_hier90_linear10_two_phase_200k_seed92_13772014,True,1,6,8,0.8923564553260803,1.0,0.8978191018104553,0.8966856598854065,1.0,1.0
question_D_hier90_linear10_two_phase_200k_seed93_13772029__checkpoint_300000,question_D_hier90_linear10_two_phase_200k_seed93_13772029,True,1,6,8,0.9999815225601196,1.0,0.9999816417694092,0.9999815821647644,1.0,1.0
question_D_hier90_linear10_two_phase_200k_seed94_13772162__checkpoint_300000,question_D_hier90_linear10_two_phase_200k_seed94_13772162,True,2,6,8,0.9776085019111633,1.0,0.9601863026618958,0.9710297584533691,1.0,1.0
question_D_hier90_linear10_two_phase_200k_seed95_13772359__checkpoint_300000,question_D_hier90_linear10_two_phase_200k_seed95_13772359,True,2,6,8,0.5383642911911011,1.0,0.6369107961654663,0.6359235644340515,1.0,1.0
question_D_hier90_linear10_two_phase_200k_seed96_13777368__checkpoint_300000,question_D_hier90_linear10_two_phase_200k_seed96_13777368,True,4,6,8,0.9945574998855591,1.0,0.9999759793281555,0.9989494681358337,1.0,1.0
question_D_hier90_linear10_two_phase_200k_seed97_14895579__checkpoint_300000,question_D_hier90_linear10_two_phase_200k_seed97_14895579,True,1,6,8,1.7512389604235068e-05,1.0,1.7464741176809184e-05,1.752417483658064e-05,1.0,1.0
question_D_hier90_linear10_two_phase_200k_seed98_13783525__checkpoint_300000,question_D_hier90_linear10_two_phase_200k_seed98_13783525,True,4,6,8,0.7529535889625549,1.0,0.7999148368835449,0.8223688006401062,1.0,1.0
question_D_hier90_linear10_two_phase_200k_seed99_13787259__checkpoint_300000,question_D_hier90_linear10_two_phase_200k_seed99_13787259,True,1,6,8,0.8729899525642395,1.0,0.8713642358779907,0.869465172290802,1.0,1.0
