model_checkpoint,contains,layer,head,ood_base,id_base,ood_uniform,ood_mean,id_uniform,id_mean
question_D_hier90_linear10_two_phase_200k_seed100_13748191__checkpoint_300000,True,0,4,0.9998416900634766,1.0,0.9998632669448853,0.9998352527618408,1.0,1.0
question_D_hier90_linear10_two_phase_200k_seed100_13748191__checkpoint_300000,True,0,7,0.9998416900634766,1.0,0.999880313873291,0.9998769760131836,1.0,1.0
question_D_hier90_linear10_two_phase_200k_seed100_13748191__checkpoint_300000,True,2,3,0.9998416900634766,1.0,0.998812735080719,0.9989336133003235,1.0,1.0
question_D_hier90_linear10_two_phase_200k_seed103_13911974__checkpoint_300000,True,2,1,0.005160856992006302,1.0,0.006022029090672731,0.005649606231600046,1.0,1.0
question_D_hier90_linear10_two_phase_200k_seed104_13912033__checkpoint_300000,True,1,3,0.043729569762945175,1.0,0.05001651495695114,0.051643699407577515,1.0,1.0
question_D_hier90_linear10_two_phase_200k_seed104_13912033__checkpoint_300000,True,1,7,0.043729569762945175,1.0,0.051399171352386475,0.051451392471790314,1.0,1.0
question_D_hier90_linear10_two_phase_200k_seed104_13912033__checkpoint_300000,True,2,6,0.043729569762945175,1.0,0.034325338900089264,0.05001840367913246,1.0,1.0
question_D_hier90_linear10_two_phase_200k_seed106_13912560__checkpoint_300000,True,2,0,0.8871936798095703,1.0,0.8899207711219788,0.8963887691497803,1.0,1.0
question_D_hier90_linear10_two_phase_200k_seed106_13912560__checkpoint_300000,True,2,5,0.8871936798095703,1.0,0.8796936869621277,0.8642725944519043,1.0,1.0
question_D_hier90_linear10_two_phase_200k_seed108_13913763__checkpoint_300000,True,1,2,0.2903500497341156,1.0,0.20331239700317383,0.22862280905246735,1.0,1.0
question_D_hier90_linear10_two_phase_200k_seed108_13913763__checkpoint_300000,True,1,3,0.2903500497341156,1.0,0.3153010904788971,0.3513264060020447,1.0,1.0
question_D_hier90_linear10_two_phase_200k_seed108_13913763__checkpoint_300000,True,1,4,0.2903500497341156,1.0,0.23449388146400452,0.24371188879013062,1.0,1.0
question_D_hier90_linear10_two_phase_200k_seed108_13913763__checkpoint_300000,True,1,5,0.2903500497341156,1.0,0.31674155592918396,0.3242841362953186,1.0,1.0
question_D_hier90_linear10_two_phase_200k_seed108_13913763__checkpoint_300000,True,2,0,0.2903500497341156,1.0,0.08015336096286774,0.14659620821475983,1.0,1.0
question_D_hier90_linear10_two_phase_200k_seed108_13913763__checkpoint_300000,True,2,1,0.2903500497341156,1.0,0.296251505613327,0.2925410270690918,1.0,1.0
question_D_hier90_linear10_two_phase_200k_seed108_13913763__checkpoint_300000,True,2,3,0.2903500497341156,1.0,0.43102097511291504,0.417630672454834,1.0,1.0
question_D_hier90_linear10_two_phase_200k_seed108_13913763__checkpoint_300000,True,2,4,0.2903500497341156,1.0,0.108467236161232,0.16936855018138885,1.0,1.0
question_D_hier90_linear10_two_phase_200k_seed109_14928587__checkpoint_300000,True,2,3,0.9541847109794617,1.0,0.964755654335022,0.9686358571052551,1.0,1.0
question_D_hier90_linear10_two_phase_200k_seed109_14928587__checkpoint_300000,True,2,6,0.9541847109794617,1.0,0.9492731690406799,0.9537420868873596,1.0,1.0
question_D_hier90_linear10_two_phase_200k_seed110_13913889__checkpoint_300000,True,2,5,0.6320009827613831,1.0,0.506935179233551,0.6216936707496643,1.0,1.0
question_D_hier90_linear10_two_phase_200k_seed111_14928914__checkpoint_300000,True,2,7,0.9729437232017517,1.0,0.9680501818656921,0.9719206690788269,1.0,1.0
question_D_hier90_linear10_two_phase_200k_seed112_14929148__checkpoint_300000,True,1,5,0.9610030651092529,1.0,0.9623299837112427,0.9613704681396484,1.0,1.0
question_D_hier90_linear10_two_phase_200k_seed115_13918064__checkpoint_300000,True,0,5,0.024807041510939598,1.0,0.026462869718670845,0.025316061452031136,1.0,1.0
question_D_hier90_linear10_two_phase_200k_seed115_13918064__checkpoint_300000,True,2,2,0.024807041510939598,1.0,0.011333541013300419,0.009467126801609993,1.0,1.0
question_D_hier90_linear10_two_phase_200k_seed116_13918811__checkpoint_300000,True,1,2,0.9999755620956421,1.0,0.9999756813049316,0.9999756813049316,1.0,1.0
question_D_hier90_linear10_two_phase_200k_seed116_13918811__checkpoint_300000,True,2,6,0.9999755620956421,1.0,0.9999754428863525,0.999975323677063,1.0,1.0
question_D_hier90_linear10_two_phase_200k_seed117_13919715__checkpoint_300000,True,2,4,0.6380727887153625,1.0,0.6968284845352173,0.6708630919456482,1.0,1.0
question_D_hier90_linear10_two_phase_200k_seed120_13884811__checkpoint_300000,True,2,4,0.9964649677276611,1.0,0.9984681606292725,0.9969635009765625,1.0,1.0
question_D_hier90_linear10_two_phase_200k_seed42_12625361__checkpoint_300000,True,2,7,0.31112825870513916,1.0,0.23767654597759247,0.2706022262573242,1.0,1.0
question_D_hier90_linear10_two_phase_200k_seed43_12625510__checkpoint_300000,True,2,3,0.2509067952632904,1.0,0.28393176198005676,0.2829791307449341,1.0,1.0
question_D_hier90_linear10_two_phase_200k_seed44_12625511__checkpoint_300000,True,2,3,0.8208314180374146,1.0,0.8605844974517822,0.8516296744346619,1.0,1.0
question_D_hier90_linear10_two_phase_200k_seed45_12625512__checkpoint_300000,True,2,1,0.9999788403511047,1.0,0.9999735355377197,0.9999755024909973,1.0,1.0
question_D_hier90_linear10_two_phase_200k_seed45_12625512__checkpoint_300000,True,2,7,0.9999788403511047,1.0,0.9999735951423645,0.9999740123748779,1.0,1.0
question_D_hier90_linear10_two_phase_200k_seed46_12625513__checkpoint_300000,True,2,3,0.7132455110549927,1.0,0.7199140787124634,0.7134809494018555,1.0,1.0
question_D_hier90_linear10_two_phase_200k_seed47_12625804__checkpoint_300000,True,1,1,0.8892817497253418,1.0,0.8847649693489075,0.8839595913887024,1.0,1.0
question_D_hier90_linear10_two_phase_200k_seed47_12625804__checkpoint_300000,True,2,1,0.8892817497253418,1.0,0.8791146278381348,0.8789117932319641,1.0,1.0
question_D_hier90_linear10_two_phase_200k_seed47_12625804__checkpoint_300000,True,2,2,0.8892817497253418,1.0,0.9000043869018555,0.8845844864845276,1.0,1.0
question_D_hier90_linear10_two_phase_200k_seed48_12625805__checkpoint_300000,True,2,5,0.08583392202854156,1.0,0.10514713823795319,0.09895362704992294,1.0,1.0
question_D_hier90_linear10_two_phase_200k_seed49_12625806__checkpoint_300000,True,2,4,0.9999806880950928,1.0,0.999980092048645,0.9999806880950928,1.0,1.0
question_D_hier90_linear10_two_phase_200k_seed50_12625807__checkpoint_300000,True,2,1,3.5219356504967436e-05,1.0,3.6005159927299246e-05,4.02972218580544e-05,1.0,1.0
question_D_hier90_linear10_two_phase_200k_seed50_12625807__checkpoint_300000,True,2,3,3.5219356504967436e-05,1.0,2.7396690711611882e-05,3.0006662200321443e-05,1.0,1.0
question_D_hier90_linear10_two_phase_200k_seed51_12628746__checkpoint_300000,True,0,5,0.902880847454071,1.0,0.9071274399757385,0.9037173986434937,1.0,1.0
question_D_hier90_linear10_two_phase_200k_seed51_12628746__checkpoint_300000,True,2,3,0.902880847454071,1.0,0.8975928425788879,0.9174260497093201,1.0,1.0
question_D_hier90_linear10_two_phase_200k_seed51_12628746__checkpoint_300000,True,2,6,0.902880847454071,1.0,0.9050625562667847,0.9108198285102844,1.0,1.0
question_D_hier90_linear10_two_phase_200k_seed52_12628803__checkpoint_300000,True,2,6,0.9924734830856323,1.0,0.9813079833984375,0.9924453496932983,1.0,1.0
question_D_hier90_linear10_two_phase_200k_seed52_12628803__checkpoint_300000,True,2,7,0.9924734830856323,1.0,0.9901314973831177,0.9899886250495911,1.0,1.0
question_D_hier90_linear10_two_phase_200k_seed53_12629366__checkpoint_300000,True,2,0,0.9990224838256836,1.0,0.9988188743591309,0.9974523782730103,1.0,1.0
question_D_hier90_linear10_two_phase_200k_seed54_12629502__checkpoint_300000,True,1,3,0.9592426419258118,1.0,0.9572239518165588,0.9600619077682495,1.0,1.0
question_D_hier90_linear10_two_phase_200k_seed54_12629502__checkpoint_300000,True,2,7,0.9592426419258118,1.0,0.9585018754005432,0.9613420367240906,1.0,1.0
question_D_hier90_linear10_two_phase_200k_seed55_12629681__checkpoint_300000,True,1,2,0.9537481069564819,1.0,0.9608712196350098,0.9638749361038208,1.0,1.0
question_D_hier90_linear10_two_phase_200k_seed55_12629681__checkpoint_300000,True,2,0,0.9537481069564819,1.0,0.9639476537704468,0.9631133079528809,1.0,1.0
question_D_hier90_linear10_two_phase_200k_seed57_12630034__checkpoint_300000,True,2,7,0.8642238974571228,1.0,0.8399597406387329,0.8477297425270081,1.0,1.0
question_D_hier90_linear10_two_phase_200k_seed58_12682784__checkpoint_300000,True,2,4,0.6539172530174255,1.0,0.6589494943618774,0.6505028605461121,1.0,1.0
question_D_hier90_linear10_two_phase_200k_seed60_12682786__checkpoint_300000,True,0,6,0.9999839067459106,1.0,0.9999840259552002,0.9999839663505554,1.0,1.0
question_D_hier90_linear10_two_phase_200k_seed61_12682787__checkpoint_300000,True,2,4,0.44487375020980835,1.0,0.506879985332489,0.4699665904045105,1.0,1.0
question_D_hier90_linear10_two_phase_200k_seed62_12682788__checkpoint_300000,True,2,5,0.9755325317382812,1.0,0.9757692217826843,0.9782000780105591,1.0,1.0
question_D_hier90_linear10_two_phase_200k_seed65_12682807__checkpoint_300000,True,2,1,0.9688538908958435,1.0,0.9056404829025269,0.9377915263175964,1.0,1.0
question_D_hier90_linear10_two_phase_200k_seed67_12682822__checkpoint_300000,True,2,5,0.0018686013063415885,1.0,0.0012472813250496984,0.0017197568668052554,1.0,1.0
question_D_hier90_linear10_two_phase_200k_seed67_12682822__checkpoint_300000,True,2,7,0.0018686013063415885,1.0,0.0004621672269422561,0.000803991686552763,1.0,1.0
question_D_hier90_linear10_two_phase_200k_seed69_12682897__checkpoint_300000,True,0,5,0.9289849400520325,1.0,0.9268411993980408,0.9278937578201294,1.0,1.0
question_D_hier90_linear10_two_phase_200k_seed69_12682897__checkpoint_300000,True,0,6,0.9289849400520325,1.0,0.929013192653656,0.9282066226005554,1.0,1.0
question_D_hier90_linear10_two_phase_200k_seed69_12682897__checkpoint_300000,True,2,2,0.9289849400520325,1.0,0.9249330163002014,0.9272190928459167,1.0,1.0
question_D_hier90_linear10_two_phase_200k_seed69_12682897__checkpoint_300000,True,2,4,0.9289849400520325,1.0,0.9213261008262634,0.9511814713478088,1.0,1.0
question_D_hier90_linear10_two_phase_200k_seed70_12682957__checkpoint_300000,True,1,6,0.7944438457489014,1.0,0.8025243878364563,0.8030315041542053,1.0,1.0
question_D_hier90_linear10_two_phase_200k_seed70_12682957__checkpoint_300000,True,1,7,0.7944438457489014,1.0,0.7974333763122559,0.7912535667419434,1.0,1.0
question_D_hier90_linear10_two_phase_200k_seed70_12682957__checkpoint_300000,True,2,1,0.7944438457489014,1.0,0.7954667806625366,0.7927643060684204,1.0,1.0
question_D_hier90_linear10_two_phase_200k_seed70_12682957__checkpoint_300000,True,2,5,0.7944438457489014,1.0,0.7928308248519897,0.7873004078865051,1.0,1.0
question_D_hier90_linear10_two_phase_200k_seed71_12683480__checkpoint_300000,True,1,3,0.00012837689428124577,1.0,0.00030140066519379616,0.00031140490318648517,1.0,1.0
question_D_hier90_linear10_two_phase_200k_seed71_12683480__checkpoint_300000,True,2,0,0.00012837689428124577,1.0,0.001834033872000873,0.0020064294803887606,1.0,1.0
question_D_hier90_linear10_two_phase_200k_seed71_12683480__checkpoint_300000,True,2,5,0.00012837689428124577,1.0,0.0010779788717627525,0.0009523180779069662,1.0,1.0
question_D_hier90_linear10_two_phase_200k_seed73_12683559__checkpoint_300000,True,2,6,0.9674058556556702,1.0,0.9656625986099243,0.9676252603530884,1.0,1.0
question_D_hier90_linear10_two_phase_200k_seed74_12696556__checkpoint_300000,True,0,0,0.08815916627645493,1.0,0.09183875471353531,0.08911242336034775,1.0,1.0
question_D_hier90_linear10_two_phase_200k_seed74_12696556__checkpoint_300000,True,2,6,0.08815916627645493,1.0,0.07978933304548264,0.09069658815860748,1.0,1.0
question_D_hier90_linear10_two_phase_200k_seed77_12696787__checkpoint_300000,True,2,2,0.8454123735427856,1.0,0.8435590863227844,0.8527085185050964,1.0,1.0
question_D_hier90_linear10_two_phase_200k_seed78_12696800__checkpoint_300000,True,1,4,0.9731842875480652,1.0,0.9763951897621155,0.9755540490150452,1.0,1.0
question_D_hier90_linear10_two_phase_200k_seed78_12696800__checkpoint_300000,True,1,5,0.9731842875480652,1.0,0.9689720273017883,0.9709593653678894,1.0,1.0
question_D_hier90_linear10_two_phase_200k_seed79_12696813__checkpoint_300000,True,2,1,0.6964002847671509,1.0,0.7026470303535461,0.705299437046051,1.0,1.0
question_D_hier90_linear10_two_phase_200k_seed81_12596471__checkpoint_300000,True,2,6,0.9572644233703613,1.0,0.8611512780189514,0.9102889895439148,1.0,1.0
question_D_hier90_linear10_two_phase_200k_seed82_13749499__checkpoint_300000,True,1,6,0.7567209601402283,1.0,0.7335800528526306,0.7323667407035828,1.0,1.0
question_D_hier90_linear10_two_phase_200k_seed82_13749499__checkpoint_300000,True,2,7,0.7567209601402283,1.0,0.7728365063667297,0.7724833488464355,1.0,1.0
question_D_hier90_linear10_two_phase_200k_seed83_13750234__checkpoint_300000,True,1,4,0.6314416527748108,1.0,0.6406071782112122,0.6491156220436096,1.0,1.0
question_D_hier90_linear10_two_phase_200k_seed83_13750234__checkpoint_300000,True,2,7,0.6314416527748108,1.0,0.6320028305053711,0.6357382535934448,1.0,1.0
question_D_hier90_linear10_two_phase_200k_seed84_13750317__checkpoint_300000,True,1,6,0.5642771124839783,1.0,0.5767453908920288,0.5945476293563843,1.0,1.0
question_D_hier90_linear10_two_phase_200k_seed84_13750317__checkpoint_300000,True,2,2,0.5642771124839783,1.0,0.4295044541358948,0.49810826778411865,1.0,1.0
question_D_hier90_linear10_two_phase_200k_seed84_13750317__checkpoint_300000,True,2,3,0.5642771124839783,1.0,0.5215705037117004,0.5445300340652466,1.0,1.0
question_D_hier90_linear10_two_phase_200k_seed85_13750997__checkpoint_300000,True,1,3,0.6508793830871582,1.0,0.6538460850715637,0.6524875164031982,1.0,1.0
question_D_hier90_linear10_two_phase_200k_seed85_13750997__checkpoint_300000,True,2,6,0.6508793830871582,1.0,0.647146999835968,0.6406992673873901,1.0,1.0
question_D_hier90_linear10_two_phase_200k_seed86_13751077__checkpoint_300000,True,0,0,0.6707952618598938,1.0,0.6717901229858398,0.6709054112434387,1.0,1.0
question_D_hier90_linear10_two_phase_200k_seed86_13751077__checkpoint_300000,True,2,2,0.6707952618598938,1.0,0.6736951470375061,0.6709185838699341,1.0,1.0
question_D_hier90_linear10_two_phase_200k_seed86_13751077__checkpoint_300000,True,2,4,0.6707952618598938,1.0,0.6714802384376526,0.6706383228302002,1.0,1.0
question_D_hier90_linear10_two_phase_200k_seed88_14895416__checkpoint_300000,True,1,3,0.32175031304359436,1.0,0.27408725023269653,0.29387304186820984,1.0,1.0
question_D_hier90_linear10_two_phase_200k_seed88_14895416__checkpoint_300000,True,2,2,0.32175031304359436,1.0,0.31573033332824707,0.32442542910575867,1.0,1.0
question_D_hier90_linear10_two_phase_200k_seed90_13770938__checkpoint_300000,True,2,0,0.7492313385009766,1.0,0.7202351093292236,0.7604215145111084,1.0,1.0
question_D_hier90_linear10_two_phase_200k_seed90_13770938__checkpoint_300000,True,2,1,0.7492313385009766,1.0,0.7445135116577148,0.7432602643966675,1.0,1.0
question_D_hier90_linear10_two_phase_200k_seed90_13770938__checkpoint_300000,True,2,2,0.7492313385009766,1.0,0.8339831829071045,0.7958464622497559,1.0,1.0
question_D_hier90_linear10_two_phase_200k_seed91_13771414__checkpoint_300000,True,1,4,0.9214730262756348,1.0,0.9221462607383728,0.9171983003616333,1.0,1.0
question_D_hier90_linear10_two_phase_200k_seed91_13771414__checkpoint_300000,True,2,6,0.9214730262756348,1.0,0.8894258141517639,0.9031029939651489,1.0,1.0
question_D_hier90_linear10_two_phase_200k_seed92_13772014__checkpoint_300000,True,2,0,0.8923564553260803,1.0,0.8978191018104553,0.8966856598854065,1.0,1.0
question_D_hier90_linear10_two_phase_200k_seed93_13772029__checkpoint_300000,True,2,6,0.9999815225601196,1.0,0.9999816417694092,0.9999815821647644,1.0,1.0
question_D_hier90_linear10_two_phase_200k_seed94_13772162__checkpoint_300000,True,2,0,0.9776085019111633,1.0,0.9697478413581848,0.9701467156410217,1.0,1.0
question_D_hier90_linear10_two_phase_200k_seed94_13772162__checkpoint_300000,True,2,4,0.9776085019111633,1.0,0.9700585007667542,0.976528525352478,1.0,1.0
question_D_hier90_linear10_two_phase_200k_seed95_13772359__checkpoint_300000,True,0,3,0.5383642911911011,1.0,0.523655354976654,0.5192196369171143,1.0,1.0
question_D_hier90_linear10_two_phase_200k_seed95_13772359__checkpoint_300000,True,2,5,0.5383642911911011,1.0,0.6375425457954407,0.6396496295928955,1.0,1.0
question_D_hier90_linear10_two_phase_200k_seed96_13777368__checkpoint_300000,True,2,3,0.9945574998855591,1.0,0.999980628490448,0.9993972182273865,1.0,1.0
question_D_hier90_linear10_two_phase_200k_seed96_13777368__checkpoint_300000,True,2,5,0.9945574998855591,1.0,0.9921403527259827,0.9917258024215698,1.0,1.0
question_D_hier90_linear10_two_phase_200k_seed96_13777368__checkpoint_300000,True,2,6,0.9945574998855591,1.0,0.9986157417297363,0.9985573887825012,1.0,1.0
question_D_hier90_linear10_two_phase_200k_seed96_13777368__checkpoint_300000,True,2,7,0.9945574998855591,1.0,0.9856153726577759,0.9876510500907898,1.0,1.0
question_D_hier90_linear10_two_phase_200k_seed97_14895579__checkpoint_300000,True,2,2,1.7512389604235068e-05,1.0,1.7464741176809184e-05,1.752417483658064e-05,1.0,1.0
question_D_hier90_linear10_two_phase_200k_seed98_13783525__checkpoint_300000,True,2,0,0.7529535889625549,1.0,0.8048461675643921,0.8060237765312195,1.0,1.0
question_D_hier90_linear10_two_phase_200k_seed98_13783525__checkpoint_300000,True,2,4,0.7529535889625549,1.0,0.7735845446586609,0.7678425312042236,1.0,1.0
question_D_hier90_linear10_two_phase_200k_seed98_13783525__checkpoint_300000,True,2,6,0.7529535889625549,1.0,0.7360376119613647,0.7542324066162109,1.0,1.0
question_D_hier90_linear10_two_phase_200k_seed98_13783525__checkpoint_300000,True,2,7,0.7529535889625549,1.0,0.7885750532150269,0.7769803404808044,1.0,1.0
question_D_hier90_linear10_two_phase_200k_seed99_13787259__checkpoint_300000,True,2,0,0.8729899525642395,1.0,0.8713642358779907,0.869465172290802,1.0,1.0
