model_checkpoint,contains_matrix_aux_retrieval_head,matching_heads,n_matching_heads,ood_accuracy
question_D_hier90_linear10_two_phase_200k_seed100_13748191__checkpoint_300000,True,"((0, 4), (0, 7), (2, 3))",3,0.99995143386
question_D_hier90_linear10_two_phase_200k_seed101_13911728__checkpoint_300000,False,(),0,0.2570794013144195
question_D_hier90_linear10_two_phase_200k_seed102_13911850__checkpoint_300000,False,(),0,0.00251566912862255
question_D_hier90_linear10_two_phase_200k_seed103_13911974__checkpoint_300000,True,"((2, 1),)",1,0.01033312651209247
question_D_hier90_linear10_two_phase_200k_seed104_13912033__checkpoint_300000,True,"((1, 3), (1, 7), (2, 6))",3,0.045379864295957154
question_D_hier90_linear10_two_phase_200k_seed105_14927986__checkpoint_300000,False,(),0,4.11689938691705e-05
question_D_hier90_linear10_two_phase_200k_seed106_13912560__checkpoint_300000,True,"((2, 0), (2, 5))",2,0.8989183475863393
question_D_hier90_linear10_two_phase_200k_seed107_13913762__checkpoint_300000,False,(),0,0.9996217278259001
question_D_hier90_linear10_two_phase_200k_seed108_13913763__checkpoint_300000,True,"((1, 2), (1, 3), (1, 4), (1, 5), (2, 0), (2, 1), (2, 3), (2, 4))",8,0.2841247500441907
question_D_hier90_linear10_two_phase_200k_seed109_14928587__checkpoint_300000,True,"((2, 3), (2, 6))",2,0.9505013732951023
question_D_hier90_linear10_two_phase_200k_seed110_13913889__checkpoint_300000,True,"((2, 5),)",1,0.6174459058963649
question_D_hier90_linear10_two_phase_200k_seed111_14928914__checkpoint_300000,True,"((2, 7),)",1,0.9730344676974771
question_D_hier90_linear10_two_phase_200k_seed112_14929148__checkpoint_300000,True,"((1, 5),)",1,0.9669585474972239
question_D_hier90_linear10_two_phase_200k_seed113_13914003__checkpoint_300000,False,(),0,0.7521345040859396
question_D_hier90_linear10_two_phase_200k_seed114_13914459__checkpoint_300000,False,(),0,0.24710389044857178
question_D_hier90_linear10_two_phase_200k_seed115_13918064__checkpoint_300000,True,"((0, 5), (2, 2))",2,0.023365922718621108
question_D_hier90_linear10_two_phase_200k_seed116_13918811__checkpoint_300000,True,"((1, 2), (2, 6))",2,0.999975643259
question_D_hier90_linear10_two_phase_200k_seed117_13919715__checkpoint_300000,True,"((2, 4),)",1,0.6488617608911863
question_D_hier90_linear10_two_phase_200k_seed118_13919952__checkpoint_300000,False,(),0,0.02780061777353212
question_D_hier90_linear10_two_phase_200k_seed119_13920189__checkpoint_300000,False,(),0,0.04692234111897115
question_D_hier90_linear10_two_phase_200k_seed120_13884811__checkpoint_300000,True,"((2, 4),)",1,0.9937538698122884
question_D_hier90_linear10_two_phase_200k_seed42_12625361__checkpoint_300000,True,"((2, 7),)",1,0.3004249039281398
question_D_hier90_linear10_two_phase_200k_seed43_12625510__checkpoint_300000,True,"((2, 3),)",1,0.23943986146571186
question_D_hier90_linear10_two_phase_200k_seed44_12625511__checkpoint_300000,True,"((2, 3),)",1,0.8190842646662546
question_D_hier90_linear10_two_phase_200k_seed45_12625512__checkpoint_300000,True,"((2, 1), (2, 7))",2,0.9999789672300001
question_D_hier90_linear10_two_phase_200k_seed46_12625513__checkpoint_300000,True,"((2, 3),)",1,0.7066093687934847
question_D_hier90_linear10_two_phase_200k_seed47_12625804__checkpoint_300000,True,"((1, 1), (2, 1), (2, 2))",3,0.882916071010839
question_D_hier90_linear10_two_phase_200k_seed48_12625805__checkpoint_300000,True,"((2, 5),)",1,0.0925878092349321
question_D_hier90_linear10_two_phase_200k_seed49_12625806__checkpoint_300000,True,"((2, 4),)",1,0.999979942168
question_D_hier90_linear10_two_phase_200k_seed50_12625807__checkpoint_300000,True,"((2, 1), (2, 3))",2,4.121739646205001e-05
question_D_hier90_linear10_two_phase_200k_seed51_12628746__checkpoint_300000,True,"((0, 5), (2, 3), (2, 6))",3,0.8917101979347389
question_D_hier90_linear10_two_phase_200k_seed52_12628803__checkpoint_300000,True,"((2, 6), (2, 7))",2,0.99096616640884
question_D_hier90_linear10_two_phase_200k_seed53_12629366__checkpoint_300000,True,"((2, 0),)",1,0.9982626284478767
question_D_hier90_linear10_two_phase_200k_seed54_12629502__checkpoint_300000,True,"((1, 3), (2, 7))",2,0.9603505178704238
question_D_hier90_linear10_two_phase_200k_seed55_12629681__checkpoint_300000,True,"((1, 2), (2, 0))",2,0.952743957122433
question_D_hier90_linear10_two_phase_200k_seed56_12629901__checkpoint_300000,False,(),0,0.999977821026
question_D_hier90_linear10_two_phase_200k_seed57_12630034__checkpoint_300000,True,"((2, 7),)",1,0.8766748137533917
question_D_hier90_linear10_two_phase_200k_seed58_12682784__checkpoint_300000,True,"((2, 4),)",1,0.6531109822248169
question_D_hier90_linear10_two_phase_200k_seed59_12682785__checkpoint_300000,False,(),0,0.6921943787641063
question_D_hier90_linear10_two_phase_200k_seed60_12682786__checkpoint_300000,True,"((0, 6),)",1,0.9999839421050001
question_D_hier90_linear10_two_phase_200k_seed61_12682787__checkpoint_300000,True,"((2, 4),)",1,0.4285666695275692
question_D_hier90_linear10_two_phase_200k_seed62_12682788__checkpoint_300000,True,"((2, 5),)",1,0.9747519443957761
question_D_hier90_linear10_two_phase_200k_seed63_12682789__checkpoint_300000,False,(),0,0.14109267606826342
question_D_hier90_linear10_two_phase_200k_seed64_12682806__checkpoint_300000,False,(),0,0.8306538767460936
question_D_hier90_linear10_two_phase_200k_seed65_12682807__checkpoint_300000,True,"((2, 1),)",1,0.9653590343000938
question_D_hier90_linear10_two_phase_200k_seed66_12682810__checkpoint_300000,False,(),0,0.1368199021816269
question_D_hier90_linear10_two_phase_200k_seed67_12682822__checkpoint_300000,True,"((2, 5), (2, 7))",2,0.0025435986226399403
question_D_hier90_linear10_two_phase_200k_seed68_12682852__checkpoint_300000,False,(),0,0.06125429964617989
question_D_hier90_linear10_two_phase_200k_seed69_12682897__checkpoint_300000,True,"((0, 5), (0, 6), (2, 2), (2, 4))",4,0.92774644850961
question_D_hier90_linear10_two_phase_200k_seed70_12682957__checkpoint_300000,True,"((1, 6), (1, 7), (2, 1), (2, 5))",4,0.7907602681130489
question_D_hier90_linear10_two_phase_200k_seed71_12683480__checkpoint_300000,True,"((1, 3), (2, 0), (2, 5))",3,0.00262781341225704
question_D_hier90_linear10_two_phase_200k_seed72_12683542__checkpoint_300000,False,(),0,1.50023906396e-05
question_D_hier90_linear10_two_phase_200k_seed73_12683559__checkpoint_300000,True,"((2, 6),)",1,0.9628345688072474
question_D_hier90_linear10_two_phase_200k_seed74_12696556__checkpoint_300000,True,"((0, 0), (2, 6))",2,0.08291463896463691
question_D_hier90_linear10_two_phase_200k_seed75_12696693__checkpoint_300000,False,(),0,0.0025132871173921007
question_D_hier90_linear10_two_phase_200k_seed76_12696748__checkpoint_300000,False,(),0,0.5563328569497756
question_D_hier90_linear10_two_phase_200k_seed77_12696787__checkpoint_300000,True,"((2, 2),)",1,0.8498437513692714
question_D_hier90_linear10_two_phase_200k_seed78_12696800__checkpoint_300000,True,"((1, 4), (1, 5))",2,0.9631471789223284
question_D_hier90_linear10_two_phase_200k_seed79_12696813__checkpoint_300000,True,"((2, 1),)",1,0.7031322224982686
question_D_hier90_linear10_two_phase_200k_seed80_12696826__checkpoint_300000,False,(),0,0.999855662225
question_D_hier90_linear10_two_phase_200k_seed81_12596471__checkpoint_300000,True,"((2, 6),)",1,0.9595545514769946
question_D_hier90_linear10_two_phase_200k_seed82_13749499__checkpoint_300000,True,"((1, 6), (2, 7))",2,0.7541499138132673
question_D_hier90_linear10_two_phase_200k_seed83_13750234__checkpoint_300000,True,"((1, 4), (2, 7))",2,0.6281867956468631
question_D_hier90_linear10_two_phase_200k_seed84_13750317__checkpoint_300000,True,"((1, 6), (2, 2), (2, 3))",3,0.5754348421141045
question_D_hier90_linear10_two_phase_200k_seed85_13750997__checkpoint_300000,True,"((1, 3), (2, 6))",2,0.6520312375392562
question_D_hier90_linear10_two_phase_200k_seed86_13751077__checkpoint_300000,True,"((0, 0), (2, 2), (2, 4))",3,0.6704301586611646
question_D_hier90_linear10_two_phase_200k_seed87_13751362__checkpoint_300000,False,(),0,0.01595993411031135
question_D_hier90_linear10_two_phase_200k_seed88_14895416__checkpoint_300000,True,"((1, 3), (2, 2))",2,0.31448377302877145
question_D_hier90_linear10_two_phase_200k_seed89_13760078__checkpoint_300000,False,(),0,0.996201611140831
question_D_hier90_linear10_two_phase_200k_seed90_13770938__checkpoint_300000,True,"((2, 0), (2, 1), (2, 2))",3,0.7462324151013906
question_D_hier90_linear10_two_phase_200k_seed91_13771414__checkpoint_300000,True,"((1, 4), (2, 6))",2,0.9206985642841
question_D_hier90_linear10_two_phase_200k_seed92_13772014__checkpoint_300000,True,"((2, 0),)",1,0.8982566613727693
question_D_hier90_linear10_two_phase_200k_seed93_13772029__checkpoint_300000,True,"((2, 6),)",1,0.999981545122
question_D_hier90_linear10_two_phase_200k_seed94_13772162__checkpoint_300000,True,"((2, 0), (2, 4))",2,0.9768723060214527
question_D_hier90_linear10_two_phase_200k_seed95_13772359__checkpoint_300000,True,"((0, 3), (2, 5))",2,0.5334267890913108
question_D_hier90_linear10_two_phase_200k_seed96_13777368__checkpoint_300000,True,"((2, 3), (2, 5), (2, 6), (2, 7))",4,0.9948726346291378
question_D_hier90_linear10_two_phase_200k_seed97_14895579__checkpoint_300000,True,"((2, 2),)",1,0.000105659801793068
question_D_hier90_linear10_two_phase_200k_seed98_13783525__checkpoint_300000,True,"((2, 0), (2, 4), (2, 6), (2, 7))",4,0.7537150618060711
question_D_hier90_linear10_two_phase_200k_seed99_13787259__checkpoint_300000,True,"((2, 0),)",1,0.8715825972239684
